Category;ARP No.;Name;Time Signature;Length;Original Tempo;Note/Chord
ApKb;1;70sRock1N;4/4;2;130;N
ApKb;2;70sRock2N;4/4;1;130;N
ApKb;3;70sRock3;4/4;4;130;
ApKb;4;70sRock4N;4/4;1;130;N
ApKb;5;70sRock5N;4/4;2;130;N
ApKb;6;Rock&RollC;4/4;4;172;C
ApKb;7;UnpluggedC;4/4;4;120;C
ApKb;8;EPBalladC;4/4;2;60;C
ApKb;9;Cool8BeatC;4/4;2;100;C
ApKb;10;8BeatBascN;4/4;4;120;N
ApKb;11;8BeatSlw1N;4/4;4;78;N
ApKb;12;8BeatSlw2N;4/4;4;78;N
ApKb;13;Slowfeel1;4/4;1;74;
ApKb;14;Slowfeel2;4/4;1;74;
ApKb;15;16BeatPopC;4/4;4;94;C
ApKb;16;PianoClub1;4/4;1;96;
ApKb;17;PianoClub2;4/4;1;96;
ApKb;18;PianoClub3;4/4;1;96;
ApKb;19;PianoClub4;4/4;2;96;
ApKb;20;PianoClub5;4/4;2;96;
ApKb;21;PianoClub6;4/4;2;96;
ApKb;22;PianoClub7;4/4;2;96;
ApKb;23;AnalogPop1;4/4;2;93;
ApKb;24;AnalogPop2;4/4;2;93;
ApKb;25;AnalogPop3;4/4;1;93;
ApKb;26;6/8PopC;4/4;4;100;C
ApKb;27;ProgRockC;4/4;4;120;C
ApKb;28;CoolFunk;4/4;1;96;
ApKb;29;ClubJazz1C;4/4;4;125;C
ApKb;30;ClubJazz2N;4/4;4;125;N
ApKb;31;GosplFnk1C;4/4;4;106;C
ApKb;32;GosplFnk2C;4/4;4;106;C
ApKb;33;R&BDisco;4/4;2;110;
ApKb;34;R&BBalladC;4/4;4;113;C
ApKb;35;BalladEP1;4/4;2;74;
ApKb;36;BalladEP2;4/4;2;74;
ApKb;37;BalladEP3;4/4;2;74;
ApKb;38;SwingEP;4/4;1;101;
ApKb;39;EPChords;4/4;2;101;
ApKb;40;6/8R&B1;4/4;2;61;
ApKb;41;6/8R&B2;4/4;2;61;
ApKb;42;6/8R&B3;4/4;1;61;
ApKb;43;6/8R&B4;4/4;1;61;
ApKb;44;6/8R&B5;4/4;2;61;
ApKb;45;6/8R&B6;4/4;2;61;
ApKb;46;6/8R&B7;4/4;2;61;
ApKb;47;HipHopEpic;4/4;2;85;
ApKb;48;HipHopN;4/4;2;105;N
ApKb;49;Soul1N;4/4;1;120;N
ApKb;50;Soul2N;4/4;4;120;N
ApKb;51;Soul3N;4/4;4;120;N
ApKb;52;SoulBeatC;4/4;4;124;C
ApKb;53;SoulSwng1C;4/4;4;124;C
ApKb;54;SoulSwng2C;4/4;4;124;C
ApKb;55;NewGospel1;4/4;2;90;
ApKb;56;NewGospel2;4/4;2;90;
ApKb;57;NewGospel3;4/4;1;90;
ApKb;58;NewGospel4;4/4;2;90;
ApKb;59;Clavi1;4/4;1;110;
ApKb;60;Clavi2;4/4;1;124;
ApKb;61;Clavi3;4/4;1;124;
ApKb;62;Clavi4;4/4;1;124;
ApKb;63;SuperClavi;4/4;4;101;
ApKb;64;TouchClavi;4/4;1;101;
ApKb;65;AmbientN;4/4;4;88;N
ApKb;66;ClubHouseN;4/4;2;128;N
ApKb;67;HousePf;4/4;1;130;
ApKb;68;DeepHouseN;4/4;1;130;N
ApKb;69;AcstcJazzN;4/4;4;204;N
ApKb;70;ShuflBlusC;4/4;4;115;C
ApKb;71;SlowBluesC;4/4;2;49;C
ApKb;72;PnoBoogy1C;4/4;8;160;C
ApKb;73;PnoBoogy2C;4/4;4;160;C
ApKb;74;Reggae;4/4;2;92;
ApKb;75;Salsa1C;4/4;4;177;C
ApKb;76;Salsa2N;4/4;1;123;N
ApKb;77;Salsa3N;4/4;4;123;N
ApKb;78;AfroCubanC;4/4;4;200;C
ApKb;79;BombaC;4/4;4;99;C
ApKb;80;DscoLtnC;4/4;4;100;C
ApKb;81;Baroque1C;4/4;4;88;C
ApKb;82;Baroque2C;4/4;4;88;C
ApKb;83;PfArp1;4/4;2;64;
ApKb;84;PfArp2;4/4;2;74;
ApKb;85;PfArp3;4/4;2;124;
ApKb;86;PfArp4;4/4;2;130;
ApKb;87;PfArp5;4/4;2;130;
ApKb;88;PfArp6;4/4;2;65;
ApKb;89;PfArp7;4/4;1;116;
ApKb;90;PfArp8;4/4;1;96;
ApKb;91;PfArp9;4/4;1;90;
ApKb;92;PfArp10;4/4;1;90;
ApKb;93;PfArp11;4/4;1;90;
ApKb;94;PfArp12;4/4;1;90;
ApKb;95;PfArp13;4/4;1;90;
ApKb;96;PfArp14;4/4;2;130;
ApKb;97;PfArp15;4/4;1;74;
Org;98;ProgRockN;4/4;4;110;N
Org;99;JazzFunk1C;4/4;4;120;C
Org;100;JazzFunk2;4/4;4;120;
Org;101;FunkOrgan1;4/4;2;110;
Org;102;FunkOrgan2;4/4;2;110;
Org;103;HipHop1N;4/4;2;105;N
Org;104;HipHop2N;4/4;2;105;N
Org;105;SoulN;4/4;1;120;N
Org;106;HouseOrg1;4/4;1;130;
Org;107;HouseOrg2;4/4;1;130;
Org;108;HouseOrg3;4/4;1;130;
Org;109;HouseOrg4;4/4;1;130;
Org;110;SlwBlues1N;4/4;4;72;N
Org;111;SlwBlues2N;4/4;4;72;N
Org;112;Reggae1;4/4;4;102;
Org;113;Reggae2;4/4;4;90;
Org;114;Reggae3;4/4;1;102;
Org;115;Reggae4;4/4;1;92;
Org;116;Reggae5;4/4;2;92;
Org;117;Reggae6;4/4;2;120;
Org;118;LatinRock;4/4;2;120;
Org;119;LatinOrgan;4/4;1;110;
Guit;120;OverdrvGtN;4/4;4;120;N
Guit;121;GtrOver1;1/4;4;180;
Guit;122;GtrOver2N;1/4;4;120;N
Guit;123;70sRock1;4/4;2;130;
Guit;124;70sRock2;4/4;2;130;
Guit;125;70sRock3N;4/4;2;130;N
Guit;126;70sRock4N;4/4;2;130;N
Guit;127;70sRock5N;4/4;2;130;N
Guit;128;OverTheTop;4/4;2;120;
Guit;129;AltRockN;4/4;4;100;N
Guit;130;XoverRck1N;4/4;2;100;N
Guit;131;XoverRck2N;4/4;2;100;N
Guit;132;XoverRck3N;4/4;1;100;N
Guit;133;XoverRck4N;4/4;2;100;N
Guit;134;XoverRck5N;4/4;2;100;N
Guit;135;GtrPop1C;4/4;4;100;C
Guit;136;GuitarPop2;4/4;1;90;
Guit;137;GuitarPop3;4/4;1;90;
Guit;138;GuitarPop4;4/4;1;90;
Guit;139;Unplugged;4/4;4;120;
Guit;140;FngrPikn1N;4/4;2;94;N
Guit;141;FngrPikn2N;4/4;2;94;N
Guit;142;FngrPikn3N;4/4;2;94;N
Guit;143;FngrPikn4N;4/4;3;94;N
Guit;144;FngrPikn5N;4/4;1;94;N
Guit;145;Pickin1;4/4;3;120;
Guit;146;Pickin2;4/4;2;120;
Guit;147;12Guitar;4/4;1;97;
Guit;148;WorshpFstC;4/4;8;114;C
Guit;149;NewCntryC;4/4;4;118;C
Guit;150;BrPopSwngC;4/4;2;110;C
Guit;151;Slowfeel1;4/4;1;74;
Guit;152;Slowfeel2;4/4;1;74;
Guit;153;Slowfeel3;4/4;1;74;
Guit;154;AnalogPop;4/4;1;93;
Guit;155;6/8BalladC;6/8;4;87;C
Guit;156;ProgRockN;4/4;4;110;N
Guit;157;RockGtr1;4/4;1;120;
Guit;158;RockGtr2;4/4;1;120;
Guit;159;Funky1;4/4;2;132;
Guit;160;Funky2;4/4;2;120;
Guit;161;Funky3;4/4;1;120;
Guit;162;Smooth1;4/4;2;115;
Guit;163;Smooth2;4/4;2;115;
Guit;164;FlipHopN;4/4;1;132;N
Guit;165;HipHop1;4/4;2;104;
Guit;166;HipHop2N;4/4;2;104;N
Guit;167;HipHop3C;4/4;4;96;C
Guit;168;HipRockC;4/4;4;90;C
Guit;169;ClscHipHp;4/4;2;90;
Guit;170;NewGospelN;4/4;2;90;N
Guit;171;CleanGtr1;4/4;2;120;
Guit;172;CleanGtr2;4/4;2;120;
Guit;173;News;4/4;2;120;
Guit;174;ChillOut;4/4;1;79;
Guit;175;BigBeat1N;4/4;4;115;N
Guit;176;BigBeat2N;4/4;1;145;N
Guit;177;ModrnJazzC;4/4;16;218;C
Guit;178;R&RshufflC;4/4;4;192;C
Guit;179;SlowBluesN;4/4;1;72;N
Guit;180;Reggae;4/4;1;102;
Guit;181;MontunoN;4/4;2;100;N
Guit;182;GuaguancoC;4/4;4;120;C
Guit;183;LtnPhrase1;4/4;2;120;
Guit;184;LtnPhrase2;4/4;1;120;
Guit;185;SpnshPop1;4/4;2;120;
Guit;186;SpnshPop2;4/4;1;120;
Guit;187;Turkish1N;4/4;2;105;N
Guit;188;Turkish2N;4/4;2;105;N
Guit;189;Strum1;4/4;1;120;
Guit;190;Strum2;4/4;2;120;
Guit;191;Strum3;4/4;2;120;
Guit;192;GuitarArp1;4/4;1;120;
Guit;193;GuitarArp2;4/4;1;120;
Guit;194;GuitarArp3;4/4;1;120;
Guit;195;RolliArp;4/4;4;60;
Guit;196;Lick1;4/4;4;120;
Guit;197;Lick2;4/4;4;120;
Guit;198;Lick3;4/4;2;120;
Bass;199;AltRockN;4/4;4;97;N
Bass;200;XoverRockN;4/4;1;100;N
Bass;201;UnpluggedN;4/4;4;113;N
Bass;202;70sRock1N;4/4;4;130;N
Bass;203;70sRock2N;4/4;1;130;N
Bass;204;8BeatBascN;4/4;4;120;N
Bass;205;8BeatRockN;4/4;4;75;N
Bass;206;8BeatSlowN;4/4;4;78;N
Bass;207;SoftRockN;4/4;1;120;N
Bass;208;16BtBalldN;4/4;4;75;N
Bass;209;PnoClub1N;4/4;1;96;N
Bass;210;PnoClub2N;4/4;2;96;N
Bass;211;PnoClub3N;4/4;4;96;N
Bass;212;AnalgPop1N;4/4;2;93;N
Bass;213;AnalgPop2N;4/4;4;93;N
Bass;214;6/8PopN;4/4;4;100;N
Bass;215;6/8BalladN;6/8;4;87;N
Bass;216;PickBassN;4/4;4;120;N
Bass;217;FunkN;4/4;2;132;N
Bass;218;CoolFunk1N;4/4;2;96;N
Bass;219;CoolFunk2N;4/4;2;96;N
Bass;220;CoolFunk3N;4/4;4;96;N
Bass;221;CoolFunk4N;4/4;2;96;N
Bass;222;CoolFunk5N;4/4;1;96;N
Bass;223;JazzFunk1N;4/4;2;120;N
Bass;224;JazzFunk2N;4/4;4;120;N
Bass;225;JazzFunk3N;4/4;4;123;N
Bass;226;ClubJazz1N;4/4;4;125;N
Bass;227;ClubJazz2N;4/4;4;92;N
Bass;228;PopShufflN;4/4;4;94;N
Bass;229;R&BDiscoN;4/4;2;110;N
Bass;230;ChartPopC;4/4;4;92;C
Bass;231;NewR&B1C;4/4;2;98;C
Bass;232;NewR&B2;4/4;1;97;
Bass;233;NewR&B3;4/4;2;97;
Bass;234;NewR&B4N;4/4;2;90;N
Bass;235;PopR&BC;4/4;4;67;C
Bass;236;R&BAnaPopC;4/4;4;95;C
Bass;237;FlipHop1N;4/4;2;132;N
Bass;238;FlipHop2N;4/4;2;132;N
Bass;239;2BZ4UN;4/4;4;75;N
Bass;240;PepRally;4/4;2;75;
Bass;241;SouthRapN;4/4;2;90;N
Bass;242;HipHopN;4/4;2;105;N
Bass;243;HipRockC;4/4;4;90;C
Bass;244;RegetonC;4/4;4;98;C
Bass;245;ClscHipHpN;4/4;2;90;N
Bass;246;Soul1N;4/4;4;120;N
Bass;247;Soul2N;4/4;4;120;N
Bass;248;Soul3N;4/4;4;120;N
Bass;249;SoulBeatC;4/4;4;124;C
Bass;250;NewGospelN;4/4;2;90;N
Bass;251;FngrBass1N;4/4;1;115;N
Bass;252;FngrBass2N;4/4;1;115;N
Bass;253;FngrBass3N;4/4;3;115;N
Bass;254;FngrBass4N;4/4;1;115;N
Bass;255;FngrBass5N;4/4;2;150;N
Bass;256;FngrBass6N;4/4;2;89;N
Bass;257;FngrBass7N;4/4;2;89;N
Bass;258;FngrBass8N;4/4;1;115;N
Bass;259;FngrBass9N;4/4;1;115;N
Bass;260;FngrBs10N;4/4;4;107;N
Bass;261;SlapBass1;4/4;4;120;
Bass;262;SlapBass2N;4/4;1;105;N
Bass;263;SlapBass3N;4/4;2;110;N
Bass;264;SlapBass4N;4/4;3;120;N
Bass;265;SlapBass5N;4/4;1;120;N
Bass;266;GruvBass;4/4;2;120;
Bass;267;ChillOut1N;4/4;2;79;N
Bass;268;ChillOut2N;4/4;4;79;N
Bass;269;ClubtekBas;4/4;1;70;
Bass;270;SynthPopN;4/4;2;90;N
Bass;271;BrkBeats1N;4/4;4;115;N
Bass;272;BrkBeats2N;4/4;4;88;N
Bass;273;TechnoN;4/4;4;137;N
Bass;274;TranceN;4/4;1;140;N
Bass;275;TrncBass1N;4/4;2;143;N
Bass;276;TrncBass2;4/4;1;143;
Bass;277;TekBass;4/4;1;138;
Bass;278;DrmDanceN;4/4;2;136;N
Bass;279;IbizaN;4/4;2;135;N
Bass;280;RetroPopN;4/4;2;126;N
Bass;281;DscoHouseC;4/4;4;126;C
Bass;282;ClubHouseN;4/4;1;128;N
Bass;283;Garage1N;4/4;2;127;N
Bass;284;Garage2N;4/4;2;127;N
Bass;285;Cyborg;4/4;1;90;
Bass;286;Kronic;4/4;1;100;
Bass;287;Wazzo;4/4;1;94;
Bass;288;SyBass1N;4/4;1;120;N
Bass;289;SyBass2N;4/4;1;120;N
Bass;290;SyBass3N;4/4;1;120;N
Bass;291;AcstcJaz1N;4/4;4;204;N
Bass;292;AcstcJaz2N;4/4;4;204;N
Bass;293;AcstcJaz3N;4/4;4;204;N
Bass;294;AcstcJaz4N;4/4;4;204;N
Bass;295;AcstcJaz5N;4/4;4;204;N
Bass;296;AcstcBasN;4/4;4;132;N
Bass;297;SlowBluesN;4/4;4;72;N
Bass;298;JmboReggC;4/4;4;100;C
Bass;299;Reggae1;4/4;4;102;
Bass;300;Reggae2N;4/4;2;92;N
Bass;301;Montuno1N;4/4;4;100;N
Bass;302;Montuno2N;4/4;1;100;N
Bass;303;FretlssBsN;4/4;4;124;N
Bass;304;LtnHouseN;4/4;4;138;N
Bass;305;SpnshPop1N;4/4;1;120;N
Bass;306;SpnshPop2N;4/4;1;120;N
Bass;307;SpnshPop3N;4/4;1;120;N
Bass;308;TurkPopN;4/4;4;101;N
Bass;309;TurkDanceN;4/4;4;130;N
Bass;310;Turkish1N;4/4;2;105;N
Bass;311;Turkish2N;4/4;2;105;N
Str;312;NewR&B1N;4/4;2;90;N
Str;313;NewR&B2N;4/4;2;90;N
Str;314;NewR&B3N;4/4;2;90;N
Str;315;NewR&B4N;4/4;2;90;N
Str;316;NewR&B5N;4/4;2;90;N
Str;317;DirtySy1N;4/4;4;85;N
Str;318;DirtySy2;4/4;4;85;
Str;319;HipHpEpic1;4/4;2;85;
Str;320;HipHpEpic2;4/4;2;85;
Str;321;HipHop1N;4/4;2;105;N
Str;322;HipHop2N;4/4;1;105;N
Str;323;PsyPizzN;4/4;1;143;N
Str;324;IrishHymnC;3/4;4;70;C
Str;325;Turkish1N;4/4;2;105;N
Str;326;Turkish2N;4/4;2;86;N
Str;327;Orcestra1C;4/4;8;102;C
Str;328;Orcestra2C;4/4;4;102;C
Str;329;Orcestra3C;4/4;8;102;C
Str;330;Baroque1C;4/4;4;88;C
Str;331;Baroque2C;4/4;4;88;C
Str;332;Strings1;4/4;1;101;
Str;333;Strings2;4/4;1;101;
Str;334;Strings3;4/4;1;101;
Str;335;Strings4;4/4;1;101;
Str;336;Strings5;4/4;1;101;
Str;337;Strings6;4/4;1;101;
Str;338;Strings7;4/4;1;101;
Str;339;Strings8;4/4;1;101;
Str;340;Strings9;4/4;2;120;
Str;341;Jupiter;4/4;4;120;
Str;342;StrngsUp1N;4/4;1;120;N
Str;343;StrnsDwn1N;4/4;1;120;N
Str;344;StrngsUp2N;4/4;1;120;N
Str;345;StrnsDwn2N;4/4;1;120;N
Str;346;Cello1;4/4;2;120;
Str;347;Cello2;4/4;2;120;
Str;348;OrcStrings;4/4;4;126;
Str;349;OrchChord;4/4;4;126;
Str;350;Pizz;4/4;1;120;
Str;351;Harp1;4/4;2;120;
Str;352;Harp2;4/4;2;120;
Str;353;Harp3;4/4;1;120;
Brs;354;Funk1;4/4;2;132;
Brs;355;Funk2;4/4;4;132;
Brs;356;Funk3;4/4;2;132;
Brs;357;Funk4;4/4;1;132;
Brs;358;JazzFunk1;4/4;4;120;
Brs;359;JazzFunk2;4/4;1;120;
Brs;360;Soul;4/4;1;120;
Brs;361;NewGospel;4/4;2;90;
Brs;362;Salsa1;4/4;2;123;
Brs;363;Salsa2;4/4;4;120;
Brs;364;Salsa3N;4/4;2;123;N
Brs;365;Salsa4N;4/4;2;123;N
Brs;366;Salsa5N;4/4;2;123;N
Brs;367;Salsa6N;4/4;1;123;N
Brs;368;Samba1;4/4;4;120;
Brs;369;Samba2;4/4;2;120;
Brs;370;Turkish;9/8;2;125;
Brs;371;BrassSec1;4/4;1;120;
Brs;372;BrassSec2;4/4;1;120;
Brs;373;BrassSec3;4/4;1;120;
Brs;374;BrassSec4;4/4;1;120;
Brs;375;BrassSec5;4/4;1;120;
RdPp;376;HipHop1N;4/4;2;105;N
RdPp;377;HipHop2N;4/4;2;105;N
RdPp;378;Soul1N;4/4;4;120;N
RdPp;379;Soul2N;4/4;1;120;N
RdPp;380;Soul3N;4/4;1;120;N
RdPp;381;Samba1N;4/4;2;120;N
RdPp;382;Samba2N;4/4;4;120;N
RdPp;383;Samba3N;4/4;2;120;N
RdPp;384;Turkish1N;4/4;2;105;N
RdPp;385;Turkish2N;4/4;2;105;N
RdPp;386;Turkish3N;4/4;2;105;N
RdPp;387;Turkish4N;9/8;2;125;N
RdPp;388;Turkish5N;9/8;2;125;N
RdPp;389;Baroque1C;4/4;4;88;C
RdPp;390;Baroque2C;4/4;1;88;C
RdPp;391;Baroque3C;4/4;1;88;C
RdPp;392;Baroque4C;4/4;1;88;C
RdPp;393;Flute;4/4;1;120;
RdPp;394;Flutter;4/4;1;120;
Lead;395;R&BDisco1N;4/4;2;110;N
Lead;396;R&BDisco2N;4/4;1;110;N
Lead;397;R&BDisco3N;4/4;2;110;N
Lead;398;R&BDisco4N;4/4;1;110;N
Lead;399;DirtySy1;4/4;2;85;
Lead;400;DirtySy2;4/4;2;85;
Lead;401;DirtySy3;4/4;2;85;
Lead;402;HipHpEpicN;4/4;2;85;N
Lead;403;RapLead;4/4;2;100;
Lead;404;Trance1C;4/4;8;142;C
Lead;405;Trance2C;4/4;2;142;C
Lead;406;Trance3N;4/4;8;142;N
Lead;407;Trance4N;4/4;2;140;N
Lead;408;Trance5C;4/4;4;130;C
Lead;409;TranceN;4/4;2;130;N
Lead;410;PsyLead1N;4/4;1;143;N
Lead;411;PsyLead2N;4/4;2;143;N
Lead;412;Needlz;4/4;2;132;
Lead;413;CurlyQ;4/4;1;145;
PdMe;414;16BtBascC;4/4;4;77;C
PdMe;415;16BtPop1C;4/4;1;103;C
PdMe;416;16BtPop2C;4/4;4;94;C
PdMe;417;AnalogPop1;4/4;1;93;
PdMe;418;AnalogPop2;4/4;1;93;
PdMe;419;PopShufflN;4/4;4;80;N
PdMe;420;Smooth1;4/4;2;115;
PdMe;421;Smooth2;4/4;2;115;
PdMe;422;Cycle1;4/4;3;120;
PdMe;423;Cycle2;4/4;6;120;
PdMe;424;Cycle3N;4/4;14;118;N
PdMe;425;RipplesN;4/4;4;82;N
CrPc;426;R&BDisco1N;4/4;1;110;N
CrPc;427;R&BDisco2N;4/4;2;110;N
CrPc;428;Trance;4/4;4;140;
CrPc;429;Ethnic;7/4;3;120;
CrPc;430;MOD1;4/4;1;120;
CrPc;431;MOD2;4/4;2;120;
CrPc;432;Trill1;4/4;1;120;
CrPc;433;Trill2;4/4;2;120;
CrPc;434;MalltRoll1;4/4;2;120;
CrPc;435;MalltRoll2;4/4;2;120;
CrPc;436;SteelDrum1;4/4;1;160;
CrPc;437;SteelDrum2;4/4;2;95;
DrPc;438;70sRock;4/4;4;130;
DrPc;439;MondoRock;4/4;2;94;
DrPc;440;XoverRock;4/4;2;100;
DrPc;441;PopRock1;4/4;2;120;
DrPc;442;PopRock2;4/4;2;126;
DrPc;443;AnalogPop;4/4;2;93;
DrPc;444;ChillKtPop;4/4;2;85;
DrPc;445;Funk;4/4;2;132;
DrPc;446;CoolFunk;4/4;2;96;
DrPc;447;JazzFunk1;4/4;4;120;
DrPc;448;JazzFunk2;4/4;4;120;
DrPc;449;NewR&B;4/4;1;97;
DrPc;450;FlipHop;4/4;4;125;
DrPc;451;HipHop1;4/4;2;104;
DrPc;452;HipHop2;4/4;2;94;
DrPc;453;HipHop3;4/4;2;96;
DrPc;454;ClscHipHp;4/4;2;90;
DrPc;455;i-Hop;4/4;4;98;
DrPc;456;JazzHop;4/4;2;106;
DrPc;457;HipHpLoop1;4/4;4;95;
DrPc;458;HipHpLoop2;4/4;2;75;
DrPc;459;ChillOut;4/4;2;79;
DrPc;460;ChillKit;4/4;4;85;
DrPc;461;8ZChillBrk;4/4;4;85;
DrPc;462;8ZGatedBt;4/4;4;85;
DrPc;463;8ZHeavyHrt;4/4;4;85;
DrPc;464;8ZDestruct;4/4;4;115;
DrPc;465;8ZJarrin;4/4;2;105;
DrPc;466;8ZRomps;4/4;4;125;
DrPc;467;DubElement;4/4;2;120;
DrPc;468;Electronic;4/4;1;118;
DrPc;469;SpSFX;4/4;4;100;
DrPc;470;BigBeat1;4/4;2;120;
DrPc;471;BigBeat2;4/4;1;120;
DrPc;472;BigBeat3;4/4;1;138;
DrPc;473;BigBeat4;4/4;1;132;
DrPc;474;BigBeat5;4/4;2;124;
DrPc;475;Abstract;4/4;2;86;
DrPc;476;DnB1;4/4;1;170;
DrPc;477;DnB2;4/4;2;165;
DrPc;478;DnB3;4/4;2;154;
DrPc;479;PsycheTrnc;4/4;4;143;
DrPc;480;8ZPsyche1;4/4;2;140;
DrPc;481;8ZPsyche2;4/4;1;135;
DrPc;482;TranceKit1;4/4;4;136;
DrPc;483;TranceKit2;4/4;2;136;
DrPc;484;TranceKit3;4/4;2;136;
DrPc;485;8ZTrancBsc;4/4;1;136;
DrPc;486;8ZErlyLoFi;4/4;1;136;
DrPc;487;8ZNoizeXpr;4/4;4;136;
DrPc;488;8ZReversBt;4/4;1;136;
DrPc;489;8ZCrushDnc;4/4;2;136;
DrPc;490;Ibiza;4/4;2;135;
DrPc;491;House1;4/4;2;130;
DrPc;492;House2;4/4;4;120;
DrPc;493;House3;4/4;2;120;
DrPc;494;Garage;4/4;2;130;
DrPc;495;UKGarage;4/4;4;130;
DrPc;496;Bebop;4/4;4;152;
DrPc;497;ReggShufl1;4/4;4;90;
DrPc;498;ReggShufl2;4/4;4;90;
DrPc;499;Reggae1;4/4;2;92;
DrPc;500;Reggae2;4/4;1;92;
DrPc;501;Salsa;4/4;4;123;
DrPc;502;Montuno;4/4;4;100;
DrPc;503;BrazilSmba;4/4;4;96;
DrPc;504;Samba;4/4;4;120;
DrPc;505;Latin;4/4;4;120;
DrPc;506;Turkish1;4/4;2;105;
DrPc;507;Turkish2;4/4;2;105;
DrPc;508;Turkish3;4/4;2;105;
DrPc;509;Orchestra;4/4;4;102;
DrPc;510;1BarSlice;4/4;1;135;
DrPc;511;Linear;4/4;1;120;
Seq;512;AltRockN;4/4;4;100;N
Seq;513;R&BDiscoN;4/4;2;110;N
Seq;514;ChartR&BC;4/4;1;130;C
Seq;515;NewR&B1N;4/4;2;90;N
Seq;516;NewR&B2N;4/4;2;90;N
Seq;517;2BZ4U1;4/4;2;75;
Seq;518;2BZ4U2;4/4;2;75;
Seq;519;2BZ4U3;4/4;2;75;
Seq;520;2BZ4U4;4/4;2;75;
Seq;521;PepRally1;4/4;4;75;
Seq;522;PepRally2;4/4;4;75;
Seq;523;Ambient1N;4/4;4;102;N
Seq;524;Ambient2N;4/4;4;111;N
Seq;525;ChillOut1;4/4;4;79;
Seq;526;ChillOut2;4/4;2;79;
Seq;527;SynthPop1;4/4;1;90;
Seq;528;SynthPop2;4/4;1;90;
Seq;529;SynthPop3;4/4;1;90;
Seq;530;BigStep1N;4/4;2;116;N
Seq;531;BigStep2N;4/4;1;116;N
Seq;532;BigStep3N;4/4;2;116;N
Seq;533;BigStep4N;4/4;1;116;N
Seq;534;BrkBeats1N;4/4;4;115;N
Seq;535;BrkBeats2N;4/4;4;88;N
Seq;536;BrkBeats3N;4/4;1;88;N
Seq;537;Trance1N;4/4;8;135;N
Seq;538;Trance2N;4/4;2;140;N
Seq;539;Trance3N;4/4;3;140;N
Seq;540;Trance4;4/4;1;140;
Seq;541;Trance5;4/4;4;140;
Seq;542;Trance6;4/4;1;140;
Seq;543;Trance7;4/4;4;140;
Seq;544;PsycheSeqN;4/4;4;140;N
Seq;545;TrncPhras1;4/4;1;130;
Seq;546;TrncPhras2;4/4;1;130;
Seq;547;TrncPhras3;4/4;1;130;
Seq;548;TrncPhras4;4/4;1;130;
Seq;549;TrncPhras5;4/4;1;130;
Seq;550;TrncPhras6;4/4;1;130;
Seq;551;TrncPhras7;4/4;2;145;
Seq;552;TrncPhras8;4/4;1;145;
Seq;553;TrncPhrs1;4/4;2;145;
Seq;554;TrncPhrs2;4/4;1;145;
Seq;555;TrncPhrs3;4/4;1;145;
Seq;556;PsyPhras1N;4/4;1;143;N
Seq;557;PsyPhras2N;4/4;1;143;N
Seq;558;PsyPhras3N;4/4;2;143;N
Seq;559;PsyPhras4N;4/4;2;143;N
Seq;560;HyprTrnc1N;4/4;1;143;N
Seq;561;HyprTrnc2N;4/4;2;143;N
Seq;562;HyprTrnc3N;4/4;1;143;N
Seq;563;T-LineSeqN;4/4;1;140;N
Seq;564;DrmDance1;4/4;1;136;
Seq;565;DrmDance2;4/4;1;136;
Seq;566;Ibiza1;4/4;2;135;
Seq;567;Ibiza2;4/4;8;135;
Seq;568;Ibiza3N;4/4;2;135;N
Seq;569;Ibiza4N;4/4;2;135;N
Seq;570;Ibiza5N;4/4;2;135;N
Seq;571;Ibiza6N;4/4;2;135;N
Seq;572;RetroPop1;4/4;1;126;
Seq;573;RetroPop2;4/4;2;126;
Seq;574;TekPhrs1C;4/4;1;130;C
Seq;575;TekPhrs2C;4/4;1;130;C
Seq;576;TekPhrs3C;4/4;1;110;C
Seq;577;TekPhras1;4/4;2;120;
Seq;578;TekPhras2;4/4;2;120;
Seq;579;TeknoAttkN;4/4;2;143;N
Seq;580;AcidA1;4/4;2;127;
Seq;581;AcidA2;4/4;2;127;
Seq;582;AcidA3;4/4;2;127;
Seq;583;AcidB1;4/4;2;127;
Seq;584;AcidB2;4/4;2;127;
Seq;585;AcidC1;4/4;2;127;
Seq;586;AcidC2;4/4;2;127;
Seq;587;SynArp1;4/4;1;130;
Seq;588;SynArp2;4/4;2;130;
Seq;589;SynArp3;4/4;1;130;
Seq;590;SynArp4;4/4;1;130;
Seq;591;SynArp5;4/4;1;130;
Seq;592;SynArp6;4/4;1;124;
Seq;593;SynArp7;4/4;1;120;
Seq;594;SynArp8;4/4;1;130;
Seq;595;SynArp9;4/4;1;130;
Seq;596;SynArp10;4/4;2;130;
Seq;597;SynArp11;4/4;1;90;
Seq;598;SynArp12;4/4;2;124;
Seq;599;SynArp13;4/4;1;130;
Seq;600;SynArp14;4/4;1;130;
Seq;601;SynArp15;4/4;1;130;
Seq;602;SynArp16;4/4;1;90;
Seq;603;SynArp17;4/4;1;130;
Seq;604;SynArp18;4/4;1;120;
Seq;605;SynArp19;4/4;1;120;
Seq;606;SynArp20;4/4;1;124;
Seq;607;SynArp21;4/4;1;120;
Seq;608;SynArp22;4/4;1;120;
Seq;609;SynArp23;4/4;1;120;
Seq;610;SynArp24;4/4;1;120;
Seq;611;SynArp25;4/4;5;120;
Seq;612;Melody1;4/4;1;70;
Seq;613;Melody2;4/4;1;120;
Seq;614;Melody3;4/4;1;70;
Seq;615;Melody4;4/4;1;70;
Seq;616;Melody5;4/4;1;70;
Seq;617;Melody6;4/4;1;70;
Seq;618;Melody7;4/4;1;70;
Seq;619;Melody8;4/4;1;70;
Seq;620;Melody9;4/4;1;70;
Seq;621;Melody10;4/4;1;70;
Seq;622;Melody11;4/4;1;70;
Seq;623;Melody12;4/4;1;70;
Seq;624;Melody13;4/4;1;70;
Seq;625;Melody14;4/4;1;70;
Seq;626;Melody15;4/4;1;70;
Seq;627;Melody16;4/4;1;70;
Seq;628;Melody17;4/4;1;70;
Seq;629;SyPhrase1C;4/4;1;70;C
Seq;630;SyPhrase2C;4/4;1;70;C
Seq;631;SyPhrase3C;4/4;1;70;C
Seq;632;SyPhrase4C;4/4;1;70;C
Seq;633;SyPhrase5C;4/4;1;70;C
Seq;634;SyPhrase6C;4/4;1;70;C
Seq;635;SyPhrase7C;4/4;1;70;C
Seq;636;SyPhras1C;4/4;1;70;C
Seq;637;SyPhras2C;4/4;1;70;C
Seq;638;SyPhras3C;4/4;1;70;C
Seq;639;SyPhras4C;4/4;1;130;C
Seq;640;SyPhras5C;4/4;1;130;C
Seq;641;SyPhras6C;4/4;1;130;C
Seq;642;SyPhras7C;4/4;1;130;C
Seq;643;SyPhras8C;4/4;1;130;C
Seq;644;SyPhras9C;4/4;1;130;C
Seq;645;SyPhras10C;4/4;1;130;C
Seq;646;SyPhras11C;4/4;1;130;C
Seq;647;SyPhras12C;4/4;1;130;C
Seq;648;SyPhras13C;4/4;1;130;C
Seq;649;SyPhras14C;4/4;1;130;C
Seq;650;SyPhras15C;4/4;1;130;C
Seq;651;SyPhras16C;4/4;1;130;C
Seq;652;SyPhras17C;4/4;1;130;C
Seq;653;SyPhras18C;4/4;1;130;C
Seq;654;SyPhras19C;4/4;1;140;C
Seq;655;SyPhras20C;4/4;1;130;C
Seq;656;SyPhras21C;4/4;1;130;C
Seq;657;SyPhras22C;4/4;1;130;C
Seq;658;SyPhras23C;4/4;1;130;C
Seq;659;SyPhras24C;4/4;1;140;C
Seq;660;SyPhras25C;4/4;1;136;C
Seq;661;SyPhras26C;4/4;1;136;C
Seq;662;SyPhras27C;4/4;1;130;C
Seq;663;SyPhras28C;4/4;1;130;C
Seq;664;SyPhras29C;4/4;1;138;C
Seq;665;Electro1;4/4;1;130;
Seq;666;Electro2;4/4;1;130;
Seq;667;Electro3;4/4;1;130;
Seq;668;Electro4;4/4;1;130;
Seq;669;Electro5;4/4;1;130;
Seq;670;Electro6;4/4;1;130;
Seq;671;Electro7;4/4;1;130;
Seq;672;Electro8;4/4;1;130;
Seq;673;Electro9;4/4;1;130;
Seq;674;Electro10;4/4;1;130;
Seq;675;Electro11;4/4;1;130;
Seq;676;CompuBass1;4/4;1;130;
Seq;677;CompuBass2;4/4;1;130;
Seq;678;DigiSeqN;4/4;2;106;N
Seq;679;DigySeq1N;4/4;4;135;N
Seq;680;DigySeq2N;4/4;2;135;N
Seq;681;DigySeq3N;4/4;2;135;N
Seq;682;SeqS&H1;4/4;4;120;
Seq;683;SeqS&H2;4/4;4;120;
Seq;684;PolyArp1;4/4;1;120;
Seq;685;PolyArp2;4/4;1;120;
Seq;686;Bees1;4/4;1;118;
Seq;687;Bees2;4/4;1;118;
Seq;688;Syncopa;4/4;2;120;
Seq;689;SuperArp;4/4;2;120;
Seq;690;SpaceArp;4/4;2;120;
Seq;691;StepLine;4/4;1;120;
Seq;692;AnaSeq;4/4;1;120;
Seq;693;Ascorbic;4/4;1;150;
Seq;694;Beeperz;4/4;2;104;
Seq;695;Doves;4/4;1;150;
Seq;696;Hardcore;4/4;3;150;
Seq;697;Harmo;4/4;1;150;
Seq;698;Lamb;4/4;1;125;
Seq;699;Ocean;4/4;1;120;
Seq;700;Orbit;4/4;1;140;
Seq;701;Pitzy;4/4;1;105;
Seq;702;PolyDance;4/4;1;120;
Seq;703;Popcorn;4/4;1;120;
Seq;704;PulsLine;4/4;2;120;
Seq;705;Simple1;4/4;2;150;
Seq;706;SplitArp;4/4;1;120;
Seq;707;SycopaEcho;4/4;2;120;
Seq;708;TekBubble;4/4;1;128;
Seq;709;Waggle;4/4;1;140;
Seq;710;LatinHouse;4/4;2;138;
Seq;711;UpOct1;4/4;1;120;
Seq;712;UpOct2;4/4;1;120;
Seq;713;UpOct3;4/4;1;120;
Seq;714;UpOct4;4/4;1;120;
Seq;715;DownOct1;4/4;1;120;
Seq;716;DownOct2;4/4;1;120;
Seq;717;DownOct3;4/4;1;120;
Seq;718;DownOct4;4/4;1;120;
Seq;719;U/DAOct1;4/4;1;120;
Seq;720;U/DAOct2;4/4;1;120;
Seq;721;U/DAOct3;4/4;1;120;
Seq;722;U/DAOct4;4/4;1;120;
Seq;723;U/DBOct1;4/4;1;120;
Seq;724;U/DBOct2;4/4;1;120;
Seq;725;U/DBOct3;4/4;1;120;
Seq;726;U/DBOct4;4/4;1;120;
Seq;727;RandomOct1;4/4;1;120;
Seq;728;RandomOct2;4/4;1;120;
Seq;729;RandomOct3;4/4;1;120;
Seq;730;RandomOct4;4/4;1;120;
Seq;731;Oct2Up;4/4;1;120;
Seq;732;Oct4Up;4/4;1;120;
Seq;733;UnisonUp;4/4;1;120;
Seq;734;Up&Alt;4/4;1;120;
Seq;735;Up&Down1;4/4;1;120;
Seq;736;Up&Down2;4/4;1;120;
Seq;737;Up&Down3;4/4;1;120;
Seq;738;Up&Down4;4/4;1;120;
Seq;739;Up&Random1;4/4;1;120;
Seq;740;Up&Random2;4/4;1;120;
Seq;741;Up&Random3;4/4;1;120;
Seq;742;Up&Random4;4/4;1;120;
Seq;743;OctSeq1;4/4;1;130;
Seq;744;OctSeq2;4/4;1;130;
Seq;745;OctSeq3;4/4;1;130;
Seq;746;OctSeq4;4/4;1;130;
Seq;747;OctSeq5;4/4;1;130;
Seq;748;OctSeq6;4/4;1;90;
Seq;749;OctSeq7;4/4;1;90;
Seq;750;OctSeq8;4/4;1;90;
Seq;751;RandomSeq1;4/4;1;90;
Seq;752;RandomSeq2;4/4;1;90;
Seq;753;RandomSeq3;4/4;1;90;
Seq;754;RndmNotes;4/4;1;70;
Seq;755;VelGruv1;4/4;1;134;
Seq;756;VelGruv2;4/4;1;134;
Seq;757;X-Sweep1;4/4;1;140;
Seq;758;X-Sweep2;4/4;1;140;
Seq;759;X-Sweep3;4/4;1;140;
Seq;760;Simple2;4/4;1;130;
Seq;761;Simple3;4/4;1;130;
Seq;762;Simple4;4/4;1;130;
Seq;763;Simple5;4/4;1;130;
Seq;764;Simple6;4/4;1;130;
Seq;765;Basic1;4/4;1;130;
Seq;766;Basic2;4/4;1;130;
Seq;767;FifthSQ1;4/4;1;130;
Seq;768;FifthSQ2;4/4;1;130;
Seq;769;FifthSQ3;4/4;1;130;
Seq;770;FifthSQ4;4/4;1;130;
Seq;771;FifthSQ5;4/4;1;130;
Seq;772;MuteArp1;4/4;1;120;
Seq;773;MuteArp2;4/4;1;120;
Seq;774;MuteLine;4/4;1;134;
Seq;775;Chodal;4/4;2;150;
Seq;776;Wavtbl16th;4/4;1;90;
Chd;777;FunkyChop;4/4;1;120;
Chd;778;ChillOut;4/4;2;79;
Chd;779;ChillChrd1;4/4;1;90;
Chd;780;ChillChrd2;4/4;1;90;
Chd;781;ChillChrd3;4/4;1;90;
Chd;782;TranceRtm;4/4;4;140;
Chd;783;TranceStab;4/4;2;140;
Chd;784;DreamDance;4/4;2;136;
Chd;785;Ibiza1;4/4;1;135;
Chd;786;Ibiza2;4/4;2;135;
Chd;787;Ibiza3;4/4;2;135;
Chd;788;Garage1;4/4;2;127;
Chd;789;Garage2;4/4;2;127;
Chd;790;Syncopa;4/4;2;120;
Chd;791;TekEcho;4/4;2;120;
Chd;792;Fugue;4/4;2;120;
Chd;793;Rosync;4/4;1;120;
Chd;794;Synclavk;4/4;2;140;
Chd;795;HiFive;4/4;1;118;
Chd;796;SynChord1;4/4;1;130;
Chd;797;SynChord2;4/4;1;90;
Chd;798;SynChord3;4/4;1;130;
Chd;799;SynChord4;4/4;1;130;
Chd;800;SynChord5;4/4;1;90;
Chd;801;SynChord6;4/4;1;116;
Chd;802;SynChord7;4/4;4;130;
Chd;803;SynChord8;4/4;1;124;
Chd;804;SynChord9;4/4;2;130;
Chd;805;BassChord1;4/4;2;130;
Chd;806;BassChord2;4/4;1;130;
Chd;807;BassChord3;4/4;1;130;
Chd;808;BassChord4;4/4;1;130;
Chd;809;BassChord5;4/4;1;130;
Chd;810;BassChord6;4/4;1;130;
Chd;811;BassChord7;4/4;2;130;
Chd;812;BassChord8;4/4;1;130;
Chd;813;ChordAltB1;4/4;1;120;
Chd;814;ChordAltB2;4/4;1;120;
Chd;815;ChrdRandm1;4/4;1;120;
Chd;816;ChrdRandm2;4/4;1;120;
Hybr;817;Hybrid1;4/4;1;130;
Hybr;818;Hybrid2;4/4;1;130;
Hybr;819;Hybrid3;4/4;1;130;
Hybr;820;Hybrid4;4/4;1;130;
Hybr;821;Hybrid5;4/4;1;95;
Hybr;822;Hybrid6;4/4;1;130;
Hybr;823;Hybrid7;4/4;1;130;
Hybr;824;Hybrid8;4/4;1;90;
Hybr;825;Hybrid9;4/4;1;130;
Hybr;826;Hybrid10;4/4;1;130;
Hybr;827;Hybrid11;4/4;1;130;
Hybr;828;Hybrid12;4/4;1;90;
Hybr;829;Hybrid13;4/4;1;130;
Hybr;830;Hybrid14;4/4;1;130;
Hybr;831;Hybrid15;4/4;1;130;
Hybr;832;Hybrid16;4/4;1;106;
Hybr;833;Hybrid17;4/4;1;130;
Hybr;834;Hybrid18;4/4;1;110;
Hybr;835;Hybrid19;4/4;1;100;
Hybr;836;Hybrid20;4/4;1;116;
Hybr;837;Hybrid21;4/4;1;130;
Hybr;838;Hybrid22;4/4;1;130;
Hybr;839;Hybrid23;4/4;1;120;
Hybr;840;Hybrid24;4/4;1;100;
Hybr;841;Hybrid25;4/4;1;138;
Hybr;842;Hybrid26;4/4;1;130;
Hybr;843;Hybrid27;4/4;1;130;
Hybr;844;Hybrid28;4/4;1;96;
Hybr;845;Parade;4/4;2;120;
Hybr;846;SynPopComb;4/4;4;90;
Hybr;847;TrancyN;4/4;1;140;N
Hybr;848;2ZCombSQ1;4/4;1;90;
Hybr;849;2ZCombSQ2;4/4;1;130;
Hybr;850;2ZCombSQ3;4/4;2;130;
Hybr;851;2ZCombSQ4;4/4;2;130;
Hybr;852;2ZCombSQ5;4/4;1;130;
Hybr;853;2ZCombSQ6;4/4;1;70;
Hybr;854;2ZCombSQ7;4/4;2;130;
Hybr;855;2ZCombSQ8;4/4;2;70;
Hybr;856;2ZCombSQ9;4/4;1;70;
Hybr;857;2ZCombSQ10;4/4;1;70;
Hybr;858;2ZCombSQ11;4/4;2;90;
Hybr;859;4ZHybVel1;4/4;1;96;
Hybr;860;4ZHybVel2;4/4;1;96;
Hybr;861;4ZHybVel3;4/4;1;96;
Hybr;862;4ZHybVel4;4/4;1;96;
Hybr;863;4ZHybVel5;4/4;1;96;
Hybr;864;4ZHybVel6;4/4;1;96;
Hybr;865;4ZHybVel7;4/4;1;96;
Hybr;866;4ZHybVel8;4/4;2;120;
Hybr;867;4ZHybVel9;4/4;2;120;
Hybr;868;4ZHybVel10;4/4;2;120;
Hybr;869;4ZHybVel11;4/4;2;120;
Hybr;870;4ZHybVel12;4/4;2;120;
Hybr;871;4Zone1A;4/4;2;130;
Hybr;872;4Zone1B;4/4;2;130;
Hybr;873;4Zone2A;4/4;1;130;
Hybr;874;4Zone2B;4/4;1;130;
Hybr;875;4Zone2C;4/4;1;130;
Hybr;876;4Zone2D;4/4;1;130;
Hybr;877;4Zone3A;4/4;1;70;
Hybr;878;4Zone3B;4/4;1;94;
Hybr;879;4Zone3C;4/4;1;94;
Hybr;880;4Zone4A;4/4;1;70;
Hybr;881;4Zone5A;4/4;1;70;
Hybr;882;4Zone5B;4/4;1;70;
Hybr;883;4ZHybPrc1;4/4;1;130;
Hybr;884;4ZHybPrc2;4/4;1;130;
Hybr;885;4ZHybPrc3;4/4;1;130;
Hybr;886;4ZHybPrc4;4/4;1;130;
Hybr;887;4ZHybPrc5;4/4;1;130;
Hybr;888;4ZHybPrc6;4/4;1;130;
Hybr;889;4ZHybPrc7;4/4;1;130;
Hybr;890;4ZHybPrc8;4/4;1;90;
Hybr;891;4ZHybPrc9;4/4;1;90;
Hybr;892;4ZHybPrc10;4/4;1;90;
Hybr;893;4Z_Ice1;1/4;8;130;
Hybr;894;4Z_Ice2;1/4;8;130;
Hybr;895;4Z_Ice3;1/4;8;130;
Hybr;896;4Z_Ice4;1/4;8;130;
Hybr;897;4Z_Ice5N;1/4;8;130;N
Hybr;898;4Z_Ice6N;1/4;4;140;N
Hybr;899;4Z_Ice7;1/4;4;140;
Hybr;900;RndmBeat1;4/4;8;90;
Hybr;901;RndmBeat2;4/4;8;90;
Hybr;902;8ZoneArpH1;4/4;2;112;
Hybr;903;8ZoneArpH2;4/4;2;112;
Hybr;904;8ZoneArp1;4/4;1;112;
Hybr;905;8ZoneArp2;4/4;1;112;
Hybr;906;8ZoneArp3;4/4;1;140;
Hybr;907;PadLSeqL1;4/4;2;108;
Hybr;908;PadLSeqL2;4/4;2;104;
Hybr;909;PadLSeqL3;4/4;2;104;
Hybr;910;PadLSeqL4;4/4;2;104;
Hybr;911;PadLSeqL5;4/4;1;108;
Hybr;912;PadLSeqL6;4/4;2;90;
Hybr;913;PadLSeqL7;4/4;1;90;
Hybr;914;PadLSeqL8;4/4;1;90;
Hybr;915;PadLSeqL9;4/4;1;145;
Hybr;916;PadLSeqL10;4/4;1;90;
Hybr;917;PadHSeq1;4/4;1;70;
Hybr;918;PadHSeq2;4/4;1;70;
Hybr;919;PadHSeq3;4/4;1;70;
Hybr;920;PadHSeq4;4/4;1;90;
Hybr;921;PadHSeq5;4/4;1;124;
Hybr;922;PadHSeq6;4/4;1;56;
Hybr;923;PadHSeq7;4/4;2;145;
Hybr;924;PadHSeq8;4/4;1;145;
Hybr;925;PadHSeq9;4/4;2;145;
Hybr;926;PadHSeq10;4/4;2;145;
Hybr;927;PadHSeq11;4/4;1;145;
Hybr;928;PadHSeq12;4/4;1;145;
Ctrl;929;GateCut1;4/4;4;120;(CC#10,71,74)
Ctrl;930;GateCut2;4/4;1;120;(CC#74)
Ctrl;931;CC-Dive1;4/4;4;130;(CC#71,74)
Ctrl;932;CC-Dive2;4/4;2;130;(CC#71,74)
Ctrl;933;FltrWave1;4/4;4;105;(CC#71,74)
Ctrl;934;FltrWave2;4/4;4;105;(CC#71,74)
Ctrl;935;FltrFill1;4/4;1;153;(CC#74)
Ctrl;936;FltrFill2;4/4;1;153;(CC#74)
Ctrl;937;HipHop1;4/4;2;94;(CC#71,74)
Ctrl;938;ChillOut;4/4;2;79;(CC#74)
Ctrl;939;ClubHouse;4/4;2;128;(CC#71,74)
Ctrl;940;Garage;4/4;1;127;(CC#74)
Ctrl;941;GateL1;4/4;1;134;(CC#11)
Ctrl;942;GateL2;4/4;1;134;(CC#11)
Ctrl;943;GateL3;4/4;1;134;(CC#11)
Ctrl;944;GateL4;4/4;1;134;(CC#11)
Ctrl;945;GateL5;4/4;1;134;(CC#11)
Ctrl;946;GateL6;4/4;1;134;(CC#11)
Ctrl;947;GateL7;4/4;1;134;(CC#11)
Ctrl;948;GateL8;4/4;1;134;(CC#11)
Ctrl;949;GateL9;4/4;1;134;(CC#11)
Ctrl;950;GateL10;4/4;1;134;(CC#11)
Ctrl;951;GateL11;4/4;1;134;(CC#11)
Ctrl;952;GateL12;4/4;1;134;(CC#11)
Ctrl;953;GateL13;4/4;1;134;(CC#11)
Ctrl;954;GateM1;4/4;1;134;(CC#11)
Ctrl;955;GateM2;4/4;1;134;(CC#11)
Ctrl;956;GateM3;4/4;1;134;(CC#11)
Ctrl;957;GateM4;4/4;1;134;(CC#11)
Ctrl;958;GateM5;4/4;1;134;(CC#11)
Ctrl;959;GateM6;4/4;1;134;(CC#11)
Ctrl;960;GateM7;4/4;1;134;(CC#11)
Ctrl;961;GateM8;4/4;1;134;(CC#11)
Ctrl;962;GateM9;4/4;1;134;(CC#11)
Ctrl;963;GateM10;4/4;1;134;(CC#11)
Ctrl;964;GateM11;4/4;1;134;(CC#11)
Ctrl;965;GateM12;4/4;1;134;(CC#11)
Ctrl;966;GateM13;4/4;1;134;(CC#11)
Ctrl;967;GateS1;4/4;1;134;(CC#11)
Ctrl;968;GateS2;4/4;1;134;(CC#11)
Ctrl;969;GateS3;4/4;1;134;(CC#11)
Ctrl;970;GateS4;4/4;1;134;(CC#11)
Ctrl;971;GateS5;4/4;1;134;(CC#11)
Ctrl;972;GateS6;4/4;1;134;(CC#11)
Ctrl;973;GateS7;4/4;1;134;(CC#11)
Ctrl;974;GateS8;4/4;1;134;(CC#11)
Ctrl;975;GateS9;4/4;1;134;(CC#11)
Ctrl;976;GateS10;4/4;1;134;(CC#11)
Ctrl;977;GateS11;4/4;1;134;(CC#11)
Ctrl;978;GateS12;4/4;1;134;(CC#11)
Ctrl;979;GateS13;4/4;1;134;(CC#11)
Ctrl;980;GateS14;4/4;1;134;(CC#11)
Ctrl;981;GateS15;4/4;1;134;(CC#11)
Ctrl;982;LevSawDown;4/4;1;90;(CC#11)
Ctrl;983;SlcePhras1;4/4;1;153;(CC#11)
Ctrl;984;SlcePhras2;4/4;1;153;(CC#11)
Ctrl;985;PanEfx8+LR;4/4;1;153;(CC#10)
Ctrl;986;HipHop2;4/4;2;94;(CC#10)
Ctrl;987;ModControl;4/4;4;64;(CC#1)
Ctrl;988;ModCntrllU;4/4;4;90;(CC#1)
Ctrl;989;BottlDwVib;4/4;4;120;(PB,PB,Range=12)
Ctrl;990;ThrobFx;4/4;4;100;(PB,PB,Range=24)
Ctrl;991;PtchEffect;4/4;1;153;(PB,PB,Range=24)
Ctrl;992;AS1Env1;4/4;1;90;(CC#16)
Ctrl;993;AS1Env2;4/4;1;90;(CC#16)
Ctrl;994;AS1Tri+1;4/4;1;150;(CC#16)
Ctrl;995;AS1Up+1;4/4;1;90;(CC#16)
Ctrl;996;AS2Env;4/4;1;90;(CC#17)
Ctrl;997;AS2Tri+1;4/4;1;90;(CC#17)
Ctrl;998;AS2TriF;4/4;4;90;(CC#17)
Ctrl;999;AS2SawDw;4/4;1;90;(CC#17)
